{
    "bitcoin": {
        "xrp": 86567,
        "bch": 215.289,
        "eos": 151484,
        "ltc": 1123,
        "eth": 30.654468,
        "btc": 1.0
    },
    "bitcoin-cash": {
        "xrp": 402.037,
        "bch": 1.0,
        "eos": 703.527,
        "ltc": 5.216591,
        "eth": 0.14236617,
        "btc": 0.00464591
    },
    "cardano": {
        "xrp": 0.74716842,
        "bch": 0.00185818,
        "eos": 1.307473,
        "ltc": 0.0096948,
        "eth": 0.00026458,
        "btc": 8.63e-06
    },
    "eos": {
        "xrp": 0.57139094,
        "bch": 0.00142102,
        "eos": 1.0,
        "ltc": 0.00741402,
        "eth": 0.00020234,
        "btc": 6.6e-06
    },
    "ethereum": {
        "xrp": 2824,
        "bch": 7.02255,
        "eos": 4941,
        "ltc": 36.639294,
        "eth": 1.0,
        "btc": 0.03263102
    },
    "litecoin": {
        "xrp": 77.071,
        "bch": 0.19167328,
        "eos": 134.868,
        "ltc": 1.0,
        "eth": 0.0272919,
        "btc": 0.00089063
    },
    "ripple": {
        "xrp": 1.0,
        "bch": 0.00248602,
        "eos": 1.749247,
        "ltc": 0.01297052,
        "eth": 0.00035398,
        "btc": 1.155e-05
    }
}