{
    "bitcoin": {
        "xrp": 82829,
        "bch": 204.474,
        "eos": 148884,
        "ltc": 1109,
        "eth": 29.253702,
        "btc": 1.0
    },
    "bitcoin-cash": {
        "xrp": 405.15,
        "bch": 1.0,
        "eos": 728.256,
        "ltc": 5.422893,
        "eth": 0.14309216,
        "btc": 0.00488904
    },
    "cardano": {
        "xrp": 0.67336023,
        "bch": 0.00166228,
        "eos": 1.210364,
        "ltc": 0.00901286,
        "eth": 0.00023782,
        "btc": 8.13e-06
    },
    "eos": {
        "xrp": 0.556335,
        "bch": 0.00137339,
        "eos": 1.0,
        "ltc": 0.00744649,
        "eth": 0.00019649,
        "btc": 6.71e-06
    },
    "ethereum": {
        "xrp": 2831,
        "bch": 6.989524,
        "eos": 5089,
        "ltc": 37.897059,
        "eth": 1.0,
        "btc": 0.03416631
    },
    "litecoin": {
        "xrp": 74.723,
        "bch": 0.18446528,
        "eos": 134.315,
        "ltc": 1.0,
        "eth": 0.02639109,
        "btc": 0.00090171
    },
    "ripple": {
        "xrp": 1.0,
        "bch": 0.00246885,
        "eos": 1.797654,
        "ltc": 0.01338607,
        "eth": 0.00035321,
        "btc": 1.207e-05
    }
}